CODIGO/ID;REFERENCIA;DESCRICAO;NCM;MOTIVO
1;33;"Desenvolvimento de Software Personalizado";0000.00.00;"Sem correspondência na TIPI (NCM)"
65;;"MUDA DE PLANTA BOLEIRA (DANDA)";6029090;"Sem correspondência na TIPI (NCM)"
66;;"MUDA DE PLANTA GUAPURUVU";6029090;"Sem correspondência na TIPI (NCM)"
67;;"MUDA DE PLANTA INGA CAIXAO";0;"Sem correspondência na TIPI (NCM)"
68;;"MUDA DE PLANTA INGA CIPO";6029090;"Sem correspondência na TIPI (NCM)"
69;;"MUDA DE PLANTA INGA METRO";6029090;"Sem correspondência na TIPI (NCM)"
70;;"MUDA DE PLANTA INGA FEIJAO";6029090;"Sem correspondência na TIPI (NCM)"
71;;"MUDA DE PLANTA IPE-AMARELO";6029090;"Sem correspondência na TIPI (NCM)"
72;;"MUDA DE PLANTA JAMBO";6029090;"Sem correspondência na TIPI (NCM)"
73;;"MUDA DE PLANTA SETE CASCA";6029090;"Sem correspondência na TIPI (NCM)"
74;;"MUDA EM SAQUINHO , ESPECIE ANGELIM";6029090;"Sem correspondência na TIPI (NCM)"
75;;"MUDA EM SAQUINHO , ESPECIE AROEIRA PIMENTEIRA";6029090;"Sem correspondência na TIPI (NCM)"
76;;"MUDA EM SAQUINHO , ESPECIE AROEIRA VERDADEIRA";6029090;"Sem correspondência na TIPI (NCM)"
77;;"MUDA EM SAQUINHO , ESPECIE BOLEIRA DANDA";6029090;"Sem correspondência na TIPI (NCM)"
78;;"MUDA EM SAQUINHO , ESPECIE BURANHEM";6029090;"Sem correspondência na TIPI (NCM)"
79;;"MUDA EM SAQUINHO , ESPECIE CAJA";6029090;"Sem correspondência na TIPI (NCM)"
80;;"MUDA EM SAQUINHO , ESPECIE CANAFISTULA";6029090;"Sem correspondência na TIPI (NCM)"
81;;"MUDA EM SAQUINHO , ESPECIE CEDRO";6029090;"Sem correspondência na TIPI (NCM)"
82;;"MUDA EM SAQUINHO , ESPECIE GUAPURUVU";6029090;"Sem correspondência na TIPI (NCM)"
83;;"MUDA EM SAQUINHO , INGA CAIXAO";6029090;"Sem correspondência na TIPI (NCM)"
84;;"MUDA EM SAQUINHO , ESPECIE INGAR CIPO";6029090;"Sem correspondência na TIPI (NCM)"
85;;"MUDA EM SAQUINHO , ESPECIE INGA DE METRO";6029090;"Sem correspondência na TIPI (NCM)"
86;;"MUDA EM SAQUINHO , ESPECIE INGA FEIJAO";6029090;"Sem correspondência na TIPI (NCM)"
87;;"MUDA EM SAQUINHO , ESPECIE INHAIBA";6029090;"Sem correspondência na TIPI (NCM)"
88;;"MUDA EM SAQUINHO , ESPECIE IPE ROXO";6029090;"Sem correspondência na TIPI (NCM)"
89;;"MUDA EM SAQUINHO , ESPECIE JACARANDA DA BAHIA";6029090;"Sem correspondência na TIPI (NCM)"
90;;"MUDA EM SAQUINHO , ESPECIE JAMBO";6029090;"Sem correspondência na TIPI (NCM)"
91;;"MUDA EM SAQUINHO , ESPECIE PAU BRASIL";6029090;"Sem correspondência na TIPI (NCM)"
92;;"MUDA EM SAQUINHO , ESPECIE JENIPAPO";6029090;"Sem correspondência na TIPI (NCM)"
93;;"MUDA EM SAQUINHO , ESPECIE JEQUITIBA ROSA";6029090;"Sem correspondência na TIPI (NCM)"
94;;"MUDA EM SAQUINHO , ESPECIE MULUNGU";6029090;"Sem correspondência na TIPI (NCM)"
95;;"MUDA EM SAQUINHO , ESPECIE SERINGUELA VERDADEIRA";6029090;"Sem correspondência na TIPI (NCM)"
96;;"MUDA EM SAQUINHO , ESPECIE SETE CASCA";6029090;"Sem correspondência na TIPI (NCM)"
97;;"MUDA EM SAQUINHO , ESPECIE VINHATICO";6029090;"Sem correspondência na TIPI (NCM)"
98;;"GRAMA ESMERALDA NOME CIENTIFICO ZOYSIA JAPONICA";6029090;"Sem correspondência na TIPI (NCM)"
99;;"ANGELIM ANDIRA LEGALIS";6029090;"Sem correspondência na TIPI (NCM)"
100;;"ANGICO VERMELHO ANADENANTHERA PEREGRINA";6029090;"Sem correspondência na TIPI (NCM)"
101;;"AROEIRA PIMENTEIRA PIONEIRA";6029090;"Sem correspondência na TIPI (NCM)"
103;;"PIONEIRA BOLEIRA (DANDA)";6029090;"Sem correspondência na TIPI (NCM)"
104;;"SPONDIAS MOMBIN -CAJA";6029090;"Sem correspondência na TIPI (NCM)"
105;;"CUPANIA VERNALI -CAMBOATA";6029090;"Sem correspondência na TIPI (NCM)"
106;;"PELTOPHORUM DUBIUM -CANAFISTULA";6029090;"Sem correspondência na TIPI (NCM)"
107;;"CEDRELA ODORATA -CEDRO";6029090;"Sem correspondência na TIPI (NCM)"
108;;"CORACAO DE NEGO";6029090;"Sem correspondência na TIPI (NCM)"
109;;EMBAUBA;6029090;"Sem correspondência na TIPI (NCM)"
110;;"SCHIZOLOBIUM PARAHYB - (GUAPURUVU)";6029090;"Sem correspondência na TIPI (NCM)"
111;;"INGA EDULIS MART -INGA CIPO";6029090;"Sem correspondência na TIPI (NCM)"
112;;"INGA EDULIS -INGA DE METRO";6029090;"Sem correspondência na TIPI (NCM)"
113;;"INGA FEIJAO";6029090;"Sem correspondência na TIPI (NCM)"
114;;INHAIBA;6029090;"Sem correspondência na TIPI (NCM)"
115;;"MUDA DE PLANTA IPE-BRANCO";6029090;"Sem correspondência na TIPI (NCM)"
116;;"MUDA DE PLANTA IPE ROXO";6029090;"Sem correspondência na TIPI (NCM)"
117;;"MUDA DE PLANTA JACARANDA-DA-BAHIA";6029090;"Sem correspondência na TIPI (NCM)"
118;;"MUDA DE PLANTA JENIPAPO";6029090;"Sem correspondência na TIPI (NCM)"
119;;"MUDA DE PLANTA JEQUITIBA-ROSA";6029090;"Sem correspondência na TIPI (NCM)"
120;;"MUDA DE PLANTA PAU BRASIL";6029090;"Sem correspondência na TIPI (NCM)"
121;;"MUDA DE PLANTA - PAU OSSO";6029090;"Sem correspondência na TIPI (NCM)"
122;;"MUDA DE PLANTA PUTUMUJU";6029090;"Sem correspondência na TIPI (NCM)"
123;;"MUDA DE PLANTA SERINGUEIRA VERDADEIRA";6029090;"Sem correspondência na TIPI (NCM)"
124;;"MUDA DE PLANTA TAMBORIL";6029090;"Sem correspondência na TIPI (NCM)"
125;;"MUDA DE PLANTA VINHATICO";6029090;"Sem correspondência na TIPI (NCM)"
126;;"BRAUNA SCHINOPSIS BRASILIENSIS";6029090;"Sem correspondência na TIPI (NCM)"
127;;"CANAFISTOLA PELTOPHORUM DUBIUM";6029090;"Sem correspondência na TIPI (NCM)"
128;;"IPE AMARELO TABEBUIA CHRYSOTRICHA";6029090;"Sem correspondência na TIPI (NCM)"
129;;"IPE BRANCO TABEBUIA ROSEOALBA";6029090;"Sem correspondência na TIPI (NCM)"
130;;"PE ROSA TABEBUIA IMPETIGINOSA";6029090;"Sem correspondência na TIPI (NCM)"
131;;"IPE ROXO TABEBUIA HEPTAPHYLLA";6029090;"Sem correspondência na TIPI (NCM)"
132;;"JAMBO EUGENIA SP";6029090;"Sem correspondência na TIPI (NCM)"
133;;"INGA DE METRO INGA EDULIS";6029090;"Sem correspondência na TIPI (NCM)"
134;;"INGA CIPO INGA EDULIS MART";6029090;"Sem correspondência na TIPI (NCM)"
135;;"MUTAMBA GUAZUMA ULMIFOLIA";6029090;"Sem correspondência na TIPI (NCM)"
136;;"JACARANDA DA BAHIA ( DALBERGIA NIGRA)";6029090;"Sem correspondência na TIPI (NCM)"
137;;"INGA FEIJAO INGA SP";6029090;"Sem correspondência na TIPI (NCM)"
138;;"PAU-BRASIL PAUBRASILIA ECHINATA";6029090;"Sem correspondência na TIPI (NCM)"
139;;"PAU-POMBO TAPIRIRA GUIANENSIS";6029090;"Sem correspondência na TIPI (NCM)"
140;;"PITANGA EUGENIA UNIFLORA";6029090;"Sem correspondência na TIPI (NCM)"
141;;"ARACA D'AGUA - TERMINALIA KUHLMANNII";6029090;"Sem correspondência na TIPI (NCM)"
142;;"ACEROLA - MALPIGHIA EMARGINATA";6029090;"Sem correspondência na TIPI (NCM)"
143;;"GOIABA - PSIDIUM GUAJAVA";6029090;"Sem correspondência na TIPI (NCM)"
144;;"PAU FERRO - CAESALPINA FERREA";6029090;"Sem correspondência na TIPI (NCM)"
145;;"TAMBORIL - ENTEROLOBIUN COTORTISILIQUM";6029090;"Sem correspondência na TIPI (NCM)"
156;;"MUDA DE SETE CASCA - SEMANEAE TUBULOSA";6029090;"Sem correspondência na TIPI (NCM)"
157;;"MUDA DE CEDRO ROSA - CEDRELA ODORATA";6029090;"Sem correspondência na TIPI (NCM)"
158;;"BOLEIRA JOANNESIA";6029090;"Sem correspondência na TIPI (NCM)"
159;;"FLAMBOYANTH DELONIX REGIA 40 - 60 CM";6029090;"Sem correspondência na TIPI (NCM)"
160;;"AROEIRA SALSA SCHINUS MOLLE 40 - 60 CM";6029090;"Sem correspondência na TIPI (NCM)"
161;;"PSIDIUM GUAJAVA GOIABA";6029090;"Sem correspondência na TIPI (NCM)"
162;;"IPE MIRIM AMARELO TECOMA STANS";6029090;"Sem correspondência na TIPI (NCM)"
163;;"MUDA DE CEDRELA ODORATA CEDRO ROSA ALTURA 30 COM";6029090;"Sem correspondência na TIPI (NCM)"
164;;"MUDA DE PLANTA INGA EDULIS INGA CIPO 75 CM DE ALT";6029090;"Sem correspondência na TIPI (NCM)"
165;;"MUDA DE PLANTA INGA SP. INGA FEIJAO 80 CM DE ALTUR";6029090;"Sem correspondência na TIPI (NCM)"
166;;"MUDA DE PLANTA TRIPLARIS AMERICANA PAU FORMIGA 70";6029090;"Sem correspondência na TIPI (NCM)"
167;;"MUDA DE PLANTA ANADENANTHERA PEREGRIN ANGICO VERME";6029090;"Sem correspondência na TIPI (NCM)"
168;;"MUDA DE PLANTAS CHINUS TEREBENTIFOLIUS AROEIRA PIM";6029090;"Sem correspondência na TIPI (NCM)"
169;;"PELTOPHORUM DUBIUM CANAFISTULA ALTURA 30 CM";6029090;"Sem correspondência na TIPI (NCM)"
170;;"MUDA DE CECROPIA HOLOLEUCA EMBAUBA 75 CM DE ALTU";6029090;"Sem correspondência na TIPI (NCM)"
171;;"MUDA SCHIZOLOBIUM PARAHYBA GUAPURUVU 50 CM DE ALT";6029090;"Sem correspondência na TIPI (NCM)"
172;;"MUDA DE PLANTA TABEBUIA IMPETIGINOSA IPE ROSA 75";6029090;"Sem correspondência na TIPI (NCM)"
173;;"MUDA DE PLANTA INGA EDULIS INGA DE METRO 60 CM DE";6029090;"Sem correspondência na TIPI (NCM)"
174;;"MUDA DE PLANTA GUAZUMA ULMIFOLIA MUTAMBA 55 CM DE";6029090;"Sem correspondência na TIPI (NCM)"
175;;"MUDA DE PLANTA CEIBA SPECIOSA PAINEIRA 45 CM DE AL";6029090;"Sem correspondência na TIPI (NCM)"
176;;"MUDA DE PLANTA TAPIRIRA GUIANENSIS PAU POMBO 42 CM";6029090;"Sem correspondência na TIPI (NCM)"
177;;"MUDA DE PLANTA CAESALPINIA FERREA PAU FERRO 35 CM";6029090;"Sem correspondência na TIPI (NCM)"
178;;"MUDA DE PLANTA SAMANEA TUBULOSA SETE CASCA 43 CM";6029090;"Sem correspondência na TIPI (NCM)"
179;;"MUDA DE PLANTA CAESALPINIA PLUVIOSA SIBIPIRUNA 4";6029090;"Sem correspondência na TIPI (NCM)"
180;;"PELTOPHORUM DUBIUM CANAFISTOLA - PIONEIRA";6029090;"Sem correspondência na TIPI (NCM)"
181;;"CEDRO ROSA CEDRELA ODORATA - CLIMAX";6029090;"Sem correspondência na TIPI (NCM)"
182;;"TABEBUIA IMPETIGINOSA IPE ROSA PIONEIRA";6029090;"Sem correspondência na TIPI (NCM)"
183;;"TABEBUIA CHRYSOTRICHA IPE-AMARELO - SEC. INICIAL";6029090;"Sem correspondência na TIPI (NCM)"
184;;"TABEBUIA ROSEO-ALBA IPE-BRANCO - SEC. TARDIA";6029090;"Sem correspondência na TIPI (NCM)"
185;;"TABEBUIA HEPTAPHYLLA IPE ROXO - SEC. TARDIA";6029090;"Sem correspondência na TIPI (NCM)"
186;;"HANDROANTHUS VELLOSOI IPE TABAGO - SEC. INICIAL";6029090;"Sem correspondência na TIPI (NCM)"
187;;"INGA SP. INGA FEIJAO PIONEIRA";6029090;"Sem correspondência na TIPI (NCM)"
188;;"INGA EDULIS INGA DE METRO - PIONEIRA";6029090;"Sem correspondência na TIPI (NCM)"
189;;"HYMENAEA COURBARIL JATOBA - CLIMAX";6029090;"Sem correspondência na TIPI (NCM)"
190;;"GALLESIA INTEGRFOLIA PAU D'ALHO - CLIMAX";6029090;"Sem correspondência na TIPI (NCM)"
191;;"GENIPA AMERICANA JENIPAPO - SEC.INICIAL";6029090;"Sem correspondência na TIPI (NCM)"
192;;"SAMANEA TUBULOSA SETE CASCA - CLIMAX";6029090;"Sem correspondência na TIPI (NCM)"
194;;"PAUBRASILIA ECHINATA PAU BRASIL - CLIMAX";6029090;"Sem correspondência na TIPI (NCM)"
195;;"CAESALPINIAFERREA PAU FERRO - CLIMAX";6029090;"Sem correspondência na TIPI (NCM)"
196;;"EUGENIA UNIFLORA I PITANGA - FROTIFERA";6029090;"Sem correspondência na TIPI (NCM)"
197;;"CHORISIA SPECIOSA PAINEIRA - SEC. TARDIA";6029090;"Sem correspondência na TIPI (NCM)"
198;;"SCHINUS TEREBENTIFOLIUS AROEIRA PIMENTEIRA - PIONE";6029090;"Sem correspondência na TIPI (NCM)"
199;;"GUAZUMA ULMIFOLIA MUTAMBA - PIONEIRA";6029090;"Sem correspondência na TIPI (NCM)"
200;;"INGA EDULIS MART. INGA CIPO - PIONEIRA";6029090;"Sem correspondência na TIPI (NCM)"
